{
  "id": "fcc001a0-cf3c-4e9a-af61-26785ede5f6c",
  "prevId": "00000000-0000-0000-0000-000000000000",
  "version": "5",
  "dialect": "pg",
  "tables": {
    "users": {
      "name": "users",
      "schema": "",
      "columns": {
        "id": {
          "name": "id",
          "type": "serial",
          "primaryKey": true,
          "notNull": true
        },
        "name": {
          "name": "name",
          "type": "varchar(255)",
          "primaryKey": false,
          "notNull": true
        },
        "email": {
          "name": "email",
          "type": "varchar(255)",
          "primaryKey": false,
          "notNull": true
        },
        "password": {
          "name": "password",
          "type": "varchar(255)",
          "primaryKey": false,
          "notNull": true
        },
        "storage_used": {
          "name": "storage_used",
          "type": "bigint",
          "primaryKey": false,
          "notNull": false,
          "default": 0
        },
        "storage_limit": {
          "name": "storage_limit",
          "type": "bigint",
          "primaryKey": false,
          "notNull": false,
          "default": 5368709120
        },
        "created_at": {
          "name": "created_at",
          "type": "timestamp",
          "primaryKey": false,
          "notNull": false,
          "default": "now()"
        },
        "last_login_at": {
          "name": "last_login_at",
          "type": "timestamp",
          "primaryKey": false,
          "notNull": false
        },
        "avatar_url": {
          "name": "avatar_url",
          "type": "text",
          "primaryKey": false,
          "notNull": false
        },
        "phone_number": {
          "name": "phone_number",
          "type": "varchar(20)",
          "primaryKey": false,
          "notNull": false
        },
        "is_verified": {
          "name": "is_verified",
          "type": "boolean",
          "primaryKey": false,
          "notNull": false,
          "default": false
        },
        "two_factor_enabled": {
          "name": "two_factor_enabled",
          "type": "boolean",
          "primaryKey": false,
          "notNull": false,
          "default": false
        },
        "two_factor_secret": {
          "name": "two_factor_secret",
          "type": "varchar(100)",
          "primaryKey": false,
          "notNull": false
        },
        "reset_password_token": {
          "name": "reset_password_token",
          "type": "varchar(100)",
          "primaryKey": false,
          "notNull": false
        },
        "reset_password_expires": {
          "name": "reset_password_expires",
          "type": "timestamp",
          "primaryKey": false,
          "notNull": false
        },
        "subscription": {
          "name": "subscription",
          "type": "varchar(50)",
          "primaryKey": false,
          "notNull": false,
          "default": "'free'"
        },
        "subscription_expires": {
          "name": "subscription_expires",
          "type": "timestamp",
          "primaryKey": false,
          "notNull": false
        },
        "is_auto_backup_enabled": {
          "name": "is_auto_backup_enabled",
          "type": "boolean",
          "primaryKey": false,
          "notNull": false,
          "default": true
        },
        "auto_backup_frequency": {
          "name": "auto_backup_frequency",
          "type": "varchar(20)",
          "primaryKey": false,
          "notNull": false,
          "default": "'daily'"
        },
        "preferred_theme": {
          "name": "preferred_theme",
          "type": "varchar(20)",
          "primaryKey": false,
          "notNull": false,
          "default": "'system'"
        },
        "language": {
          "name": "language",
          "type": "varchar(10)",
          "primaryKey": false,
          "notNull": false,
          "default": "'en'"
        },
        "push_notifications_enabled": {
          "name": "push_notifications_enabled",
          "type": "boolean",
          "primaryKey": false,
          "notNull": false,
          "default": true
        },
        "device_tokens": {
          "name": "device_tokens",
          "type": "text",
          "primaryKey": false,
          "notNull": false
        },
        "last_sync_at": {
          "name": "last_sync_at",
          "type": "timestamp",
          "primaryKey": false,
          "notNull": false
        }
      },
      "indexes": {},
      "foreignKeys": {},
      "compositePrimaryKeys": {},
      "uniqueConstraints": {
        "users_email_unique": {
          "name": "users_email_unique",
          "nullsNotDistinct": false,
          "columns": [
            "email"
          ]
        }
      }
    },
    "files": {
      "name": "files",
      "schema": "",
      "columns": {
        "id": {
          "name": "id",
          "type": "serial",
          "primaryKey": true,
          "notNull": true
        },
        "user_id": {
          "name": "user_id",
          "type": "serial",
          "primaryKey": false,
          "notNull": true
        },
        "original_name": {
          "name": "original_name",
          "type": "varchar(255)",
          "primaryKey": false,
          "notNull": true
        },
        "file_name": {
          "name": "file_name",
          "type": "varchar(255)",
          "primaryKey": false,
          "notNull": true
        },
        "file_path": {
          "name": "file_path",
          "type": "text",
          "primaryKey": false,
          "notNull": true
        },
        "thumbnail_path": {
          "name": "thumbnail_path",
          "type": "text",
          "primaryKey": false,
          "notNull": false
        },
        "file_type": {
          "name": "file_type",
          "type": "varchar(50)",
          "primaryKey": false,
          "notNull": false
        },
        "file_size": {
          "name": "file_size",
          "type": "bigint",
          "primaryKey": false,
          "notNull": true
        },
        "is_public": {
          "name": "is_public",
          "type": "boolean",
          "primaryKey": false,
          "notNull": false,
          "default": false
        },
        "created_at": {
          "name": "created_at",
          "type": "timestamp",
          "primaryKey": false,
          "notNull": false,
          "default": "now()"
        },
        "updated_at": {
          "name": "updated_at",
          "type": "timestamp",
          "primaryKey": false,
          "notNull": false,
          "default": "now()"
        },
        "content_hash": {
          "name": "content_hash",
          "type": "varchar(64)",
          "primaryKey": false,
          "notNull": false
        },
        "mime_type": {
          "name": "mime_type",
          "type": "varchar(100)",
          "primaryKey": false,
          "notNull": false
        },
        "extension": {
          "name": "extension",
          "type": "varchar(20)",
          "primaryKey": false,
          "notNull": false
        },
        "is_hidden": {
          "name": "is_hidden",
          "type": "boolean",
          "primaryKey": false,
          "notNull": false,
          "default": false
        },
        "is_archived": {
          "name": "is_archived",
          "type": "boolean",
          "primaryKey": false,
          "notNull": false,
          "default": false
        },
        "is_starred": {
          "name": "is_starred",
          "type": "boolean",
          "primaryKey": false,
          "notNull": false,
          "default": false
        },
        "is_shared": {
          "name": "is_shared",
          "type": "boolean",
          "primaryKey": false,
          "notNull": false,
          "default": false
        },
        "share_token": {
          "name": "share_token",
          "type": "varchar(100)",
          "primaryKey": false,
          "notNull": false
        },
        "last_accessed": {
          "name": "last_accessed",
          "type": "timestamp",
          "primaryKey": false,
          "notNull": false
        },
        "tags": {
          "name": "tags",
          "type": "text",
          "primaryKey": false,
          "notNull": false
        }
      },
      "indexes": {},
      "foreignKeys": {
        "files_user_id_users_id_fk": {
          "name": "files_user_id_users_id_fk",
          "tableFrom": "files",
          "tableTo": "users",
          "columnsFrom": [
            "user_id"
          ],
          "columnsTo": [
            "id"
          ],
          "onDelete": "no action",
          "onUpdate": "no action"
        }
      },
      "compositePrimaryKeys": {},
      "uniqueConstraints": {
        "files_file_name_unique": {
          "name": "files_file_name_unique",
          "nullsNotDistinct": false,
          "columns": [
            "file_name"
          ]
        }
      }
    },
    "photo_metadata": {
      "name": "photo_metadata",
      "schema": "",
      "columns": {
        "id": {
          "name": "id",
          "type": "serial",
          "primaryKey": true,
          "notNull": true
        },
        "file_id": {
          "name": "file_id",
          "type": "integer",
          "primaryKey": false,
          "notNull": true
        },
        "date_taken": {
          "name": "date_taken",
          "type": "timestamp",
          "primaryKey": false,
          "notNull": false
        },
        "latitude": {
          "name": "latitude",
          "type": "numeric(10, 8)",
          "primaryKey": false,
          "notNull": false
        },
        "longitude": {
          "name": "longitude",
          "type": "numeric(11, 8)",
          "primaryKey": false,
          "notNull": false
        },
        "camera_model": {
          "name": "camera_model",
          "type": "varchar(100)",
          "primaryKey": false,
          "notNull": false
        },
        "resolution": {
          "name": "resolution",
          "type": "varchar(50)",
          "primaryKey": false,
          "notNull": false
        },
        "organized": {
          "name": "organized",
          "type": "boolean",
          "primaryKey": false,
          "notNull": false,
          "default": false
        },
        "organized_path": {
          "name": "organized_path",
          "type": "text",
          "primaryKey": false,
          "notNull": false
        },
        "year": {
          "name": "year",
          "type": "integer",
          "primaryKey": false,
          "notNull": false
        },
        "month": {
          "name": "month",
          "type": "integer",
          "primaryKey": false,
          "notNull": false
        },
        "day": {
          "name": "day",
          "type": "integer",
          "primaryKey": false,
          "notNull": false
        },
        "has_gps_data": {
          "name": "has_gps_data",
          "type": "boolean",
          "primaryKey": false,
          "notNull": false,
          "default": false
        },
        "location_name": {
          "name": "location_name",
          "type": "varchar(255)",
          "primaryKey": false,
          "notNull": false
        },
        "is_hdr": {
          "name": "is_hdr",
          "type": "boolean",
          "primaryKey": false,
          "notNull": false,
          "default": false
        },
        "color_tags": {
          "name": "color_tags",
          "type": "text",
          "primaryKey": false,
          "notNull": false
        },
        "ai_tags": {
          "name": "ai_tags",
          "type": "text",
          "primaryKey": false,
          "notNull": false
        },
        "is_favorite": {
          "name": "is_favorite",
          "type": "boolean",
          "primaryKey": false,
          "notNull": false,
          "default": false
        }
      },
      "indexes": {},
      "foreignKeys": {
        "photo_metadata_file_id_files_id_fk": {
          "name": "photo_metadata_file_id_files_id_fk",
          "tableFrom": "photo_metadata",
          "tableTo": "files",
          "columnsFrom": [
            "file_id"
          ],
          "columnsTo": [
            "id"
          ],
          "onDelete": "cascade",
          "onUpdate": "no action"
        }
      },
      "compositePrimaryKeys": {},
      "uniqueConstraints": {}
    },
    "folders": {
      "name": "folders",
      "schema": "",
      "columns": {
        "id": {
          "name": "id",
          "type": "serial",
          "primaryKey": true,
          "notNull": true
        },
        "user_id": {
          "name": "user_id",
          "type": "integer",
          "primaryKey": false,
          "notNull": true
        },
        "name": {
          "name": "name",
          "type": "varchar(255)",
          "primaryKey": false,
          "notNull": true
        },
        "parent_id": {
          "name": "parent_id",
          "type": "integer",
          "primaryKey": false,
          "notNull": false
        },
        "path": {
          "name": "path",
          "type": "text",
          "primaryKey": false,
          "notNull": true
        },
        "is_root": {
          "name": "is_root",
          "type": "boolean",
          "primaryKey": false,
          "notNull": false,
          "default": false
        },
        "created_at": {
          "name": "created_at",
          "type": "timestamp",
          "primaryKey": false,
          "notNull": false,
          "default": "now()"
        },
        "updated_at": {
          "name": "updated_at",
          "type": "timestamp",
          "primaryKey": false,
          "notNull": false,
          "default": "now()"
        },
        "is_hidden": {
          "name": "is_hidden",
          "type": "boolean",
          "primaryKey": false,
          "notNull": false,
          "default": false
        },
        "is_archived": {
          "name": "is_archived",
          "type": "boolean",
          "primaryKey": false,
          "notNull": false,
          "default": false
        },
        "color": {
          "name": "color",
          "type": "varchar(20)",
          "primaryKey": false,
          "notNull": false
        }
      },
      "indexes": {},
      "foreignKeys": {
        "folders_user_id_users_id_fk": {
          "name": "folders_user_id_users_id_fk",
          "tableFrom": "folders",
          "tableTo": "users",
          "columnsFrom": [
            "user_id"
          ],
          "columnsTo": [
            "id"
          ],
          "onDelete": "no action",
          "onUpdate": "no action"
        },
        "folders_parent_id_folders_id_fk": {
          "name": "folders_parent_id_folders_id_fk",
          "tableFrom": "folders",
          "tableTo": "folders",
          "columnsFrom": [
            "parent_id"
          ],
          "columnsTo": [
            "id"
          ],
          "onDelete": "no action",
          "onUpdate": "no action"
        }
      },
      "compositePrimaryKeys": {},
      "uniqueConstraints": {}
    },
    "file_folder_relations": {
      "name": "file_folder_relations",
      "schema": "",
      "columns": {
        "id": {
          "name": "id",
          "type": "serial",
          "primaryKey": true,
          "notNull": true
        },
        "file_id": {
          "name": "file_id",
          "type": "integer",
          "primaryKey": false,
          "notNull": true
        },
        "folder_id": {
          "name": "folder_id",
          "type": "integer",
          "primaryKey": false,
          "notNull": true
        },
        "is_primary": {
          "name": "is_primary",
          "type": "boolean",
          "primaryKey": false,
          "notNull": false,
          "default": true
        }
      },
      "indexes": {},
      "foreignKeys": {
        "file_folder_relations_file_id_files_id_fk": {
          "name": "file_folder_relations_file_id_files_id_fk",
          "tableFrom": "file_folder_relations",
          "tableTo": "files",
          "columnsFrom": [
            "file_id"
          ],
          "columnsTo": [
            "id"
          ],
          "onDelete": "cascade",
          "onUpdate": "no action"
        },
        "file_folder_relations_folder_id_folders_id_fk": {
          "name": "file_folder_relations_folder_id_folders_id_fk",
          "tableFrom": "file_folder_relations",
          "tableTo": "folders",
          "columnsFrom": [
            "folder_id"
          ],
          "columnsTo": [
            "id"
          ],
          "onDelete": "cascade",
          "onUpdate": "no action"
        }
      },
      "compositePrimaryKeys": {},
      "uniqueConstraints": {}
    },
    "shares": {
      "name": "shares",
      "schema": "",
      "columns": {
        "id": {
          "name": "id",
          "type": "serial",
          "primaryKey": true,
          "notNull": true
        },
        "user_id": {
          "name": "user_id",
          "type": "integer",
          "primaryKey": false,
          "notNull": true
        },
        "file_id": {
          "name": "file_id",
          "type": "integer",
          "primaryKey": false,
          "notNull": false
        },
        "folder_id": {
          "name": "folder_id",
          "type": "integer",
          "primaryKey": false,
          "notNull": false
        },
        "share_token": {
          "name": "share_token",
          "type": "varchar(100)",
          "primaryKey": false,
          "notNull": true
        },
        "share_type": {
          "name": "share_type",
          "type": "varchar(20)",
          "primaryKey": false,
          "notNull": false,
          "default": "'view'"
        },
        "password": {
          "name": "password",
          "type": "varchar(255)",
          "primaryKey": false,
          "notNull": false
        },
        "expires_at": {
          "name": "expires_at",
          "type": "timestamp",
          "primaryKey": false,
          "notNull": false
        },
        "max_downloads": {
          "name": "max_downloads",
          "type": "integer",
          "primaryKey": false,
          "notNull": false
        },
        "download_count": {
          "name": "download_count",
          "type": "integer",
          "primaryKey": false,
          "notNull": false,
          "default": 0
        },
        "created_at": {
          "name": "created_at",
          "type": "timestamp",
          "primaryKey": false,
          "notNull": false,
          "default": "now()"
        },
        "last_accessed_at": {
          "name": "last_accessed_at",
          "type": "timestamp",
          "primaryKey": false,
          "notNull": false
        },
        "is_active": {
          "name": "is_active",
          "type": "boolean",
          "primaryKey": false,
          "notNull": false,
          "default": true
        },
        "allowed_emails": {
          "name": "allowed_emails",
          "type": "text",
          "primaryKey": false,
          "notNull": false
        }
      },
      "indexes": {},
      "foreignKeys": {
        "shares_user_id_users_id_fk": {
          "name": "shares_user_id_users_id_fk",
          "tableFrom": "shares",
          "tableTo": "users",
          "columnsFrom": [
            "user_id"
          ],
          "columnsTo": [
            "id"
          ],
          "onDelete": "no action",
          "onUpdate": "no action"
        },
        "shares_file_id_files_id_fk": {
          "name": "shares_file_id_files_id_fk",
          "tableFrom": "shares",
          "tableTo": "files",
          "columnsFrom": [
            "file_id"
          ],
          "columnsTo": [
            "id"
          ],
          "onDelete": "cascade",
          "onUpdate": "no action"
        },
        "shares_folder_id_folders_id_fk": {
          "name": "shares_folder_id_folders_id_fk",
          "tableFrom": "shares",
          "tableTo": "folders",
          "columnsFrom": [
            "folder_id"
          ],
          "columnsTo": [
            "id"
          ],
          "onDelete": "cascade",
          "onUpdate": "no action"
        }
      },
      "compositePrimaryKeys": {},
      "uniqueConstraints": {
        "shares_share_token_unique": {
          "name": "shares_share_token_unique",
          "nullsNotDistinct": false,
          "columns": [
            "share_token"
          ]
        }
      }
    },
    "shared_access": {
      "name": "shared_access",
      "schema": "",
      "columns": {
        "id": {
          "name": "id",
          "type": "serial",
          "primaryKey": true,
          "notNull": true
        },
        "share_id": {
          "name": "share_id",
          "type": "integer",
          "primaryKey": false,
          "notNull": true
        },
        "accessed_by": {
          "name": "accessed_by",
          "type": "varchar(255)",
          "primaryKey": false,
          "notNull": false
        },
        "accessed_at": {
          "name": "accessed_at",
          "type": "timestamp",
          "primaryKey": false,
          "notNull": false,
          "default": "now()"
        },
        "access_type": {
          "name": "access_type",
          "type": "varchar(20)",
          "primaryKey": false,
          "notNull": false
        },
        "device_info": {
          "name": "device_info",
          "type": "text",
          "primaryKey": false,
          "notNull": false
        }
      },
      "indexes": {},
      "foreignKeys": {
        "shared_access_share_id_shares_id_fk": {
          "name": "shared_access_share_id_shares_id_fk",
          "tableFrom": "shared_access",
          "tableTo": "shares",
          "columnsFrom": [
            "share_id"
          ],
          "columnsTo": [
            "id"
          ],
          "onDelete": "cascade",
          "onUpdate": "no action"
        }
      },
      "compositePrimaryKeys": {},
      "uniqueConstraints": {}
    },
    "albums": {
      "name": "albums",
      "schema": "",
      "columns": {
        "id": {
          "name": "id",
          "type": "serial",
          "primaryKey": true,
          "notNull": true
        },
        "user_id": {
          "name": "user_id",
          "type": "integer",
          "primaryKey": false,
          "notNull": true
        },
        "name": {
          "name": "name",
          "type": "varchar(255)",
          "primaryKey": false,
          "notNull": true
        },
        "description": {
          "name": "description",
          "type": "text",
          "primaryKey": false,
          "notNull": false
        },
        "cover_photo_id": {
          "name": "cover_photo_id",
          "type": "integer",
          "primaryKey": false,
          "notNull": false
        },
        "created_at": {
          "name": "created_at",
          "type": "timestamp",
          "primaryKey": false,
          "notNull": false,
          "default": "now()"
        },
        "updated_at": {
          "name": "updated_at",
          "type": "timestamp",
          "primaryKey": false,
          "notNull": false,
          "default": "now()"
        },
        "is_hidden": {
          "name": "is_hidden",
          "type": "boolean",
          "primaryKey": false,
          "notNull": false,
          "default": false
        },
        "is_shared": {
          "name": "is_shared",
          "type": "boolean",
          "primaryKey": false,
          "notNull": false,
          "default": false
        },
        "share_token": {
          "name": "share_token",
          "type": "varchar(100)",
          "primaryKey": false,
          "notNull": false
        },
        "is_smart": {
          "name": "is_smart",
          "type": "boolean",
          "primaryKey": false,
          "notNull": false,
          "default": false
        },
        "smart_rules": {
          "name": "smart_rules",
          "type": "text",
          "primaryKey": false,
          "notNull": false
        }
      },
      "indexes": {},
      "foreignKeys": {
        "albums_user_id_users_id_fk": {
          "name": "albums_user_id_users_id_fk",
          "tableFrom": "albums",
          "tableTo": "users",
          "columnsFrom": [
            "user_id"
          ],
          "columnsTo": [
            "id"
          ],
          "onDelete": "no action",
          "onUpdate": "no action"
        },
        "albums_cover_photo_id_files_id_fk": {
          "name": "albums_cover_photo_id_files_id_fk",
          "tableFrom": "albums",
          "tableTo": "files",
          "columnsFrom": [
            "cover_photo_id"
          ],
          "columnsTo": [
            "id"
          ],
          "onDelete": "no action",
          "onUpdate": "no action"
        }
      },
      "compositePrimaryKeys": {},
      "uniqueConstraints": {}
    },
    "album_photos": {
      "name": "album_photos",
      "schema": "",
      "columns": {
        "id": {
          "name": "id",
          "type": "serial",
          "primaryKey": true,
          "notNull": true
        },
        "album_id": {
          "name": "album_id",
          "type": "integer",
          "primaryKey": false,
          "notNull": true
        },
        "file_id": {
          "name": "file_id",
          "type": "integer",
          "primaryKey": false,
          "notNull": true
        },
        "added_at": {
          "name": "added_at",
          "type": "timestamp",
          "primaryKey": false,
          "notNull": false,
          "default": "now()"
        },
        "order": {
          "name": "order",
          "type": "integer",
          "primaryKey": false,
          "notNull": false,
          "default": 0
        }
      },
      "indexes": {},
      "foreignKeys": {
        "album_photos_album_id_albums_id_fk": {
          "name": "album_photos_album_id_albums_id_fk",
          "tableFrom": "album_photos",
          "tableTo": "albums",
          "columnsFrom": [
            "album_id"
          ],
          "columnsTo": [
            "id"
          ],
          "onDelete": "cascade",
          "onUpdate": "no action"
        },
        "album_photos_file_id_files_id_fk": {
          "name": "album_photos_file_id_files_id_fk",
          "tableFrom": "album_photos",
          "tableTo": "files",
          "columnsFrom": [
            "file_id"
          ],
          "columnsTo": [
            "id"
          ],
          "onDelete": "cascade",
          "onUpdate": "no action"
        }
      },
      "compositePrimaryKeys": {},
      "uniqueConstraints": {}
    },
    "devices": {
      "name": "devices",
      "schema": "",
      "columns": {
        "id": {
          "name": "id",
          "type": "serial",
          "primaryKey": true,
          "notNull": true
        },
        "user_id": {
          "name": "user_id",
          "type": "integer",
          "primaryKey": false,
          "notNull": true
        },
        "device_id": {
          "name": "device_id",
          "type": "varchar(255)",
          "primaryKey": false,
          "notNull": true
        },
        "device_name": {
          "name": "device_name",
          "type": "varchar(255)",
          "primaryKey": false,
          "notNull": false
        },
        "device_type": {
          "name": "device_type",
          "type": "varchar(50)",
          "primaryKey": false,
          "notNull": false
        },
        "os_version": {
          "name": "os_version",
          "type": "varchar(50)",
          "primaryKey": false,
          "notNull": false
        },
        "app_version": {
          "name": "app_version",
          "type": "varchar(50)",
          "primaryKey": false,
          "notNull": false
        },
        "last_sync_at": {
          "name": "last_sync_at",
          "type": "timestamp",
          "primaryKey": false,
          "notNull": false
        },
        "push_token": {
          "name": "push_token",
          "type": "varchar(255)",
          "primaryKey": false,
          "notNull": false
        },
        "is_active": {
          "name": "is_active",
          "type": "boolean",
          "primaryKey": false,
          "notNull": false,
          "default": true
        },
        "created_at": {
          "name": "created_at",
          "type": "timestamp",
          "primaryKey": false,
          "notNull": false,
          "default": "now()"
        }
      },
      "indexes": {},
      "foreignKeys": {
        "devices_user_id_users_id_fk": {
          "name": "devices_user_id_users_id_fk",
          "tableFrom": "devices",
          "tableTo": "users",
          "columnsFrom": [
            "user_id"
          ],
          "columnsTo": [
            "id"
          ],
          "onDelete": "no action",
          "onUpdate": "no action"
        }
      },
      "compositePrimaryKeys": {},
      "uniqueConstraints": {}
    }
  },
  "enums": {},
  "schemas": {},
  "_meta": {
    "columns": {},
    "schemas": {},
    "tables": {}
  }
}